Indexes,Sites,NABird_Classes
0,https://www.allaboutbirds.org/guide/Scaled_Quail/,Birds
1,https://www.allaboutbirds.org/guide/Ruddy_Duck/,"Ducks, Geese, and Swans"
2,https://www.allaboutbirds.org/guide/Greater_Sage-Grouse/,"Grouse, Quail, and Allies"
3,https://www.allaboutbirds.org/guide/Red-throated_Loon/,Loons
4,https://www.allaboutbirds.org/guide/Red-necked_Grebe/,Grebes
5,https://www.allaboutbirds.org/guide/Wood_Stork/,Storks
6,https://www.allaboutbirds.org/guide/Red-faced_Cormorant/,"Frigatebirds, Boobies, Cormorants, Darters, and Allies"
7,https://www.allaboutbirds.org/guide/Tricolored_Heron/,"Pelicans, Herons, Ibises, and Allies"
8,https://www.allaboutbirds.org/guide/Common_Black_Hawk/,"Hawks, Kites, Eagles, and Allies"
9,https://www.allaboutbirds.org/guide/Crested_Caracara/,Caracaras and Falcons
10,https://www.allaboutbirds.org/guide/Clapper_Rail/,Cranes and Rails
11,https://www.allaboutbirds.org/guide/American_Golden-Plover/,"Plovers, Sandpipers, and Allies"
12,https://www.allaboutbirds.org/guide/Parasitic_Jaeger/,Skuas and Alcids
13,https://www.allaboutbirds.org/guide/Lesser_Black-backed_Gull/,"Gulls, Terns, and Allies"
14,https://www.allaboutbirds.org/guide/Common_Ground_Dove/,Pigeons and Doves
15,https://www.allaboutbirds.org/guide/Red-crowned_Parrot/,Parrots
16,https://www.allaboutbirds.org/guide/Mangrove_Cuckoo/,Cuckoos
17,https://www.allaboutbirds.org/guide/Northern_Hawk_Owl/,Owls
18,https://www.allaboutbirds.org/guide/Common_Poorwill/,Nightjars
19,https://www.allaboutbirds.org/guide/Violet-crowned_Hummingbird/,Swifts and Hummingbirds
20,https://www.allaboutbirds.org/guide/Green_Kingfisher/,Kingfishers and Allies
21,https://www.allaboutbirds.org/guide/Lewiss_Woodpecker/,Woodpeckers
22,https://www.allaboutbirds.org/guide/Scaled_Quail/,Perching Birds
23,https://www.allaboutbirds.org/guide/American_Golden-Plover/,Black-bellied Plover
24,https://www.allaboutbirds.org/guide/Black-bellied_Whistling-Duck/,Black-bellied Whistling-Duck
25,https://www.allaboutbirds.org/guide/Dusky_Flycatcher/,Tyrant Flycatchers
26,https://www.allaboutbirds.org/guide/American_Golden-Plover/,Semipalmated Plover
27,https://www.allaboutbirds.org/guide/Greater_White-fronted_Goose/,Greater White-fronted Goose
28,https://www.allaboutbirds.org/guide/Lesser_Black-backed_Gull/,Black Vulture
29,https://www.allaboutbirds.org/guide/American_White_Pelican/,American White Pelican
30,https://www.allaboutbirds.org/guide/Killdeer/,Killdeer
31,https://www.allaboutbirds.org/guide/Red-headed_Woodpecker/,Red-headed Woodpecker
32,https://www.allaboutbirds.org/guide/Northern_Shrike/,Shrikes
33,https://www.allaboutbirds.org/guide/Rosss_Goose/,Snow Goose
34,https://www.allaboutbirds.org/guide/Chimney_Swift/,Chimney Swift
35,https://www.allaboutbirds.org/guide/American_Oystercatcher/,American Oystercatcher
36,https://www.allaboutbirds.org/guide/Rosss_Goose/,Ross's Goose
37,https://www.allaboutbirds.org/guide/Barn_Owl/,Barn Owl
38,https://www.allaboutbirds.org/guide/Warbling_Vireo/,Vireos
39,https://www.allaboutbirds.org/guide/Lesser_Black-backed_Gull/,Black Oystercatcher
40,https://www.allaboutbirds.org/guide/Turkey_Vulture/,Turkey Vulture
41,https://www.allaboutbirds.org/guide/Red-tailed_Hawk/,Brown Pelican
42,https://www.allaboutbirds.org/guide/Brant/,Brant
43,https://www.allaboutbirds.org/guide/Scaled_Quail/,Scaled Quail
44,https://www.allaboutbirds.org/guide/Northern_Gannet/,Northern Gannet
45,https://www.allaboutbirds.org/guide/Rock_Pigeon/,Rock Pigeon
46,https://www.allaboutbirds.org/guide/Black-necked_Stilt/,Black-necked Stilt
47,https://www.allaboutbirds.org/guide/Acorn_Woodpecker/,Acorn Woodpecker
48,https://www.allaboutbirds.org/guide/Pinyon_Jay/,"Jays, Magpies, and Crows"
49,https://www.allaboutbirds.org/guide/Pied-billed_Grebe/,Pied-billed Grebe
50,https://www.allaboutbirds.org/guide/American_Avocet/,American Avocet
51,https://www.allaboutbirds.org/guide/Cackling_Goose/,Cackling Goose
52,https://www.allaboutbirds.org/guide/Vauxs_Swift/,Vaux's Swift
53,https://www.allaboutbirds.org/guide/Osprey/,Osprey
54,https://www.allaboutbirds.org/guide/Crested_Caracara/,Crested Caracara
55,https://www.allaboutbirds.org/guide/Lark_Sparrow/,Larks
56,https://www.allaboutbirds.org/guide/Spotted_Sandpiper/,Spotted Sandpiper
57,https://www.allaboutbirds.org/guide/Cackling_Goose/,Canada Goose
58,https://www.allaboutbirds.org/guide/Great_Blue_Heron/,Great Blue Heron
59,https://www.allaboutbirds.org/guide/Least_Sandpiper/,Solitary Sandpiper
60,https://www.allaboutbirds.org/guide/Mute_Swan/,Mute Swan
61,https://www.allaboutbirds.org/guide/Purple_Gallinule/,Purple Gallinule
62,https://www.allaboutbirds.org/guide/Western_Screech-Owl/,Western Screech-Owl
63,https://www.allaboutbirds.org/guide/Gila_Woodpecker/,Gila Woodpecker
64,https://www.allaboutbirds.org/guide/Cliff_Swallow/,Swallows
65,https://www.allaboutbirds.org/guide/Greater_Yellowlegs/,Greater Yellowlegs
66,https://www.allaboutbirds.org/guide/Red-tailed_Hawk/,Swallow-tailed Kite
67,https://www.allaboutbirds.org/guide/Trumpeter_Swan/,Trumpeter Swan
68,https://www.allaboutbirds.org/guide/White-throated_Swift/,White-throated Swift
69,https://www.allaboutbirds.org/guide/Mountain_Chickadee/,Chickadees and Titmice
70,https://www.allaboutbirds.org/guide/Willet/,Willet
71,https://www.allaboutbirds.org/guide/Great_Egret/,Great Egret
72,https://www.allaboutbirds.org/guide/Tundra_Swan/,Tundra Swan
73,https://www.allaboutbirds.org/guide/California_Quail/,California Quail
74,https://www.allaboutbirds.org/guide/Red-throated_Loon/,Red-throated Loon
75,https://www.allaboutbirds.org/guide/Red-faced_Cormorant/,Brandt's Cormorant
76,https://www.allaboutbirds.org/guide/Red-tailed_Hawk/,Band-tailed Pigeon
77,https://www.allaboutbirds.org/guide/Yellow-rumped_Warbler/,Yellow-billed Cuckoo
78,https://www.allaboutbirds.org/guide/Lesser_Yellowlegs/,Lesser Yellowlegs
79,https://www.allaboutbirds.org/guide/Golden-fronted_Woodpecker/,Golden-fronted Woodpecker
80,https://www.allaboutbirds.org/guide/Verdin/,Verdin
81,https://www.allaboutbirds.org/guide/Wood_Duck/,Wood Duck
82,https://www.allaboutbirds.org/guide/Whimbrel/,Whimbrel
83,https://www.allaboutbirds.org/guide/Red-tailed_Hawk/,White-tailed Kite
84,https://www.allaboutbirds.org/guide/Horned_Grebe/,Horned Grebe
85,https://www.allaboutbirds.org/guide/Snowy_Egret/,Snowy Egret
86,https://www.allaboutbirds.org/guide/Lesser_Black-backed_Gull/,Long-billed Curlew
87,https://www.allaboutbirds.org/guide/Gadwall/,Gadwall
88,https://www.allaboutbirds.org/guide/Western_Screech-Owl/,Eastern Screech-Owl
89,https://www.allaboutbirds.org/guide/Bushtit/,Bushtits
90,https://www.allaboutbirds.org/guide/Hook-billed_Kite/,Broad-billed Hummingbird
91,https://www.allaboutbirds.org/guide/Marbled_Godwit/,Marbled Godwit
92,https://www.allaboutbirds.org/guide/American_Wigeon/,American Wigeon
93,https://www.allaboutbirds.org/guide/Mississippi_Kite/,Mississippi Kite
94,https://www.allaboutbirds.org/guide/American_Kestrel/,American Kestrel
95,https://www.allaboutbirds.org/guide/Red-bellied_Woodpecker/,Red-bellied Woodpecker
96,https://www.allaboutbirds.org/guide/Pygmy_Nuthatch/,Nuthatches
97,https://www.allaboutbirds.org/guide/Ruddy_Turnstone/,Ruddy Turnstone
98,https://www.allaboutbirds.org/guide/Black-bellied_Whistling-Duck/,American Black Duck
99,https://www.allaboutbirds.org/guide/Little_Blue_Heron/,Little Blue Heron
100,https://www.allaboutbirds.org/guide/Lesser_Black-backed_Gull/,Black Turnstone
101,https://www.allaboutbirds.org/guide/Brown_Creeper/,Creepers
102,https://www.allaboutbirds.org/guide/Mallard/,Mallard
103,https://www.allaboutbirds.org/guide/Gambels_Quail/,Gambel's Quail
104,https://www.allaboutbirds.org/guide/Neotropic_Cormorant/,Neotropic Cormorant
105,https://www.allaboutbirds.org/guide/Eurasian_Collared-Dove/,Eurasian Collared-Dove
106,https://www.allaboutbirds.org/guide/Surfbird/,Surfbird
107,https://www.allaboutbirds.org/guide/Ruby-throated_Hummingbird/,Ruby-throated Hummingbird
108,https://www.allaboutbirds.org/guide/Bald_Eagle/,Bald Eagle
109,https://www.allaboutbirds.org/guide/Ruddy_Duck/,Mottled Duck
110,https://www.allaboutbirds.org/guide/Common_Gallinule/,Common Gallinule
111,https://www.allaboutbirds.org/guide/Great_Horned_Owl/,Great Horned Owl
112,https://www.allaboutbirds.org/guide/Yellow-rumped_Warbler/,Yellow-bellied Sapsucker
113,https://www.allaboutbirds.org/guide/Sedge_Wren/,Wrens
114,https://www.allaboutbirds.org/guide/Sanderling/,Sanderling
115,https://www.allaboutbirds.org/guide/Tricolored_Heron/,Tricolored Heron
116,https://www.allaboutbirds.org/guide/Lesser_Black-backed_Gull/,Blue-winged Teal
117,https://www.allaboutbirds.org/guide/Semipalmated_Sandpiper/,Semipalmated Sandpiper
118,https://www.allaboutbirds.org/guide/Red-necked_Grebe/,Red-necked Grebe
119,https://www.allaboutbirds.org/guide/California_Gnatcatcher/,Gnatcatchers
120,https://www.allaboutbirds.org/guide/Northern_Harrier/,Northern Harrier
121,https://www.allaboutbirds.org/guide/Western_Sandpiper/,Western Sandpiper
122,https://www.allaboutbirds.org/guide/Cinnamon_Teal/,Cinnamon Teal
123,https://www.allaboutbirds.org/guide/Black-chinned_Hummingbird/,Black-chinned Hummingbird
124,https://www.allaboutbirds.org/guide/Red-naped_Sapsucker/,Red-naped Sapsucker
125,https://www.allaboutbirds.org/guide/American_Dipper/,Dippers
126,https://www.allaboutbirds.org/guide/Least_Sandpiper/,Least Sandpiper
127,https://www.allaboutbirds.org/guide/Reddish_Egret/,Reddish Egret
128,https://www.allaboutbirds.org/guide/Northern_Shoveler/,Northern Shoveler
129,https://www.allaboutbirds.org/guide/Dunlin/,Dunlin
130,https://www.allaboutbirds.org/guide/Northern_Pintail/,Northern Pintail
131,https://www.allaboutbirds.org/guide/Northern_Bobwhite/,Northern Bobwhite
132,https://www.allaboutbirds.org/guide/Pacific_Loon/,Pacific Loon
133,https://www.allaboutbirds.org/guide/Wood_Stork/,Wood Stork
134,https://www.allaboutbirds.org/guide/Red-faced_Cormorant/,Double-crested Cormorant
135,https://www.allaboutbirds.org/guide/Sharp-shinned_Hawk/,Sharp-shinned Hawk
136,https://www.allaboutbirds.org/guide/Merlin/,Merlin
137,https://www.allaboutbirds.org/guide/Red-tailed_Hawk/,White-winged Dove
138,https://www.allaboutbirds.org/guide/Monk_Parakeet/,Monk Parakeet
139,https://www.allaboutbirds.org/guide/Lesser_Black-backed_Gull/,Black-billed Cuckoo
140,https://www.allaboutbirds.org/guide/Snowy_Owl/,Snowy Owl
141,https://www.allaboutbirds.org/guide/Common_Nighthawk/,Common Nighthawk
142,https://www.allaboutbirds.org/guide/Green_Kingfisher/,Belted Kingfisher
143,https://www.allaboutbirds.org/guide/Ruby-crowned_Kinglet/,Kinglets
144,https://www.allaboutbirds.org/guide/Lesser_Black-backed_Gull/,Black Guillemot
145,https://www.allaboutbirds.org/guide/Lesser_Black-backed_Gull/,Black-legged Kittiwake
146,https://www.allaboutbirds.org/guide/Short-billed_Dowitcher/,Short-billed Dowitcher
147,https://www.allaboutbirds.org/guide/Green-winged_Teal/,Green-winged Teal
148,https://www.allaboutbirds.org/guide/Cattle_Egret/,Cattle Egret
149,https://www.allaboutbirds.org/guide/Wilsons_Snipe/,Wilson's Snipe
150,https://www.allaboutbirds.org/guide/Red-breasted_Sapsucker/,Red-breasted Sapsucker
151,https://www.allaboutbirds.org/guide/Arctic_Warbler/,Old World Warblers
152,https://www.allaboutbirds.org/guide/Annas_Hummingbird/,Anna's Hummingbird
153,https://www.allaboutbirds.org/guide/Canvasback/,Canvasback
154,https://www.allaboutbirds.org/guide/American_Woodcock/,American Woodcock
155,https://www.allaboutbirds.org/guide/Common_Black_Hawk/,Cooper's Hawk
156,https://www.allaboutbirds.org/guide/Gray-cheeked_Thrush/,Thrushes
157,https://www.allaboutbirds.org/guide/Eared_Grebe/,Eared Grebe
158,https://www.allaboutbirds.org/guide/Red_Phalarope/,Wilson's Phalarope
159,https://www.allaboutbirds.org/guide/Redhead/,Redhead
160,https://www.allaboutbirds.org/guide/Green_Heron/,Green Heron
161,https://www.allaboutbirds.org/guide/Ring-necked_Duck/,Ring-necked Duck
162,https://www.allaboutbirds.org/guide/American_Coot/,American Coot
163,https://www.allaboutbirds.org/guide/Northern_Pygmy-Owl/,Northern Pygmy-Owl
164,https://www.allaboutbirds.org/guide/Ladder-backed_Woodpecker/,Ladder-backed Woodpecker
165,https://www.allaboutbirds.org/guide/Bendires_Thrasher/,"Mockingbirds, Thrashers, and Allies"
166,https://www.allaboutbirds.org/guide/Harriss_Hawk/,Harris's Hawk
167,https://www.allaboutbirds.org/guide/Costas_Hummingbird/,Costa's Hummingbird
168,https://www.allaboutbirds.org/guide/Greater_Scaup/,Greater Scaup
169,https://www.allaboutbirds.org/guide/Ring-necked_Pheasant/,Ring-necked Pheasant
170,https://www.allaboutbirds.org/guide/Red-faced_Cormorant/,Great Cormorant
171,https://www.allaboutbirds.org/guide/Mourning_Dove/,Mourning Dove
172,https://www.allaboutbirds.org/guide/European_Starling/,Starlings and Allies
173,https://www.allaboutbirds.org/guide/Black-crowned_Night-Heron/,Black-crowned Night-Heron
174,https://www.allaboutbirds.org/guide/Lesser_Scaup/,Lesser Scaup
175,https://www.allaboutbirds.org/guide/Red-winged_Blackbird/,Red-shouldered Hawk
176,https://www.allaboutbirds.org/guide/Prairie_Falcon/,Peregrine Falcon
177,https://www.allaboutbirds.org/guide/Nuttalls_Woodpecker/,Nuttall's Woodpecker
178,https://www.allaboutbirds.org/guide/American_Pipit/,Wagtails and Pipits
179,https://www.allaboutbirds.org/guide/Common_Eider/,Common Eider
180,https://www.allaboutbirds.org/guide/Calliope_Hummingbird/,Calliope Hummingbird
181,https://www.allaboutbirds.org/guide/Harlequin_Duck/,Harlequin Duck
182,https://www.allaboutbirds.org/guide/Burrowing_Owl/,Burrowing Owl
183,https://www.allaboutbirds.org/guide/Bohemian_Waxwing/,Waxwings
184,https://www.allaboutbirds.org/guide/Yellow-crowned_Night-Heron/,Yellow-crowned Night-Heron
185,https://www.allaboutbirds.org/guide/Western_Grebe/,Western Grebe
186,https://www.allaboutbirds.org/guide/Broad-winged_Hawk/,Broad-winged Hawk
187,https://www.allaboutbirds.org/guide/Surf_Scoter/,Surf Scoter
188,https://www.allaboutbirds.org/guide/Lewiss_Woodpecker/,Downy Woodpecker
189,https://www.allaboutbirds.org/guide/Dusky_Flycatcher/,Silky-Flycatchers
190,https://www.allaboutbirds.org/guide/Pigeon_Guillemot/,Pigeon Guillemot
191,https://www.allaboutbirds.org/guide/Lesser_Black-backed_Gull/,Bonaparte's Gull
192,https://www.allaboutbirds.org/guide/White-winged_Scoter/,White-winged Scoter
193,https://www.allaboutbirds.org/guide/Greater_Sage-Grouse/,Ruffed Grouse
194,https://www.allaboutbirds.org/guide/Common_Loon/,Common Loon
195,https://www.allaboutbirds.org/guide/Red-faced_Cormorant/,Pelagic Cormorant
196,https://www.allaboutbirds.org/guide/Inca_Dove/,Inca Dove
197,https://www.allaboutbirds.org/guide/Greater_Roadrunner/,Greater Roadrunner
198,https://www.allaboutbirds.org/guide/White_Ibis/,White Ibis
199,https://www.allaboutbirds.org/guide/Snow_Bunting/,Longspurs and Snow Buntings
200,https://www.allaboutbirds.org/guide/Red-tailed_Hawk/,Broad-tailed Hummingbird
201,https://www.allaboutbirds.org/guide/Lesser_Black-backed_Gull/,Black Scoter
202,https://www.allaboutbirds.org/guide/Swainsons_Hawk/,Swainson's Hawk
203,https://www.allaboutbirds.org/guide/Long-tailed_Duck/,Long-tailed Duck
204,https://www.allaboutbirds.org/guide/Sandhill_Crane/,Sandhill Crane
205,https://www.allaboutbirds.org/guide/Snowy_Owl/,Barred Owl
206,https://www.allaboutbirds.org/guide/Hairy_Woodpecker/,Hairy Woodpecker
207,https://www.allaboutbirds.org/guide/Yellow_Warbler/,Wood-Warblers
208,https://www.allaboutbirds.org/guide/Glossy_Ibis/,Glossy Ibis
209,https://www.allaboutbirds.org/guide/Bufflehead/,Bufflehead
210,https://www.allaboutbirds.org/guide/Red-tailed_Hawk/,Red-tailed Hawk
211,https://www.allaboutbirds.org/guide/Prairie_Falcon/,Prairie Falcon
212,https://www.allaboutbirds.org/guide/Song_Sparrow/,New World Sparrows and Allies
213,https://www.allaboutbirds.org/guide/Rufous_Hummingbird/,Rufous Hummingbird
214,https://www.allaboutbirds.org/guide/Common_Goldeneye/,Common Goldeneye
215,https://www.allaboutbirds.org/guide/Clarks_Grebe/,Clark's Grebe
216,https://www.allaboutbirds.org/guide/Northern_Flicker/,Northern Flicker
217,https://www.allaboutbirds.org/guide/Northern_Cardinal/,"Cardinals, Grosbeaks, and Allies"
218,https://www.allaboutbirds.org/guide/Lesser_Black-backed_Gull/,Laughing Gull
219,https://www.allaboutbirds.org/guide/Barrows_Goldeneye/,Barrow's Goldeneye
220,https://www.allaboutbirds.org/guide/Wild_Turkey/,Wild Turkey
221,https://www.allaboutbirds.org/guide/Anhinga/,Anhinga
222,https://www.allaboutbirds.org/guide/Common_Ground_Dove/,Common Ground-Dove
223,https://www.allaboutbirds.org/guide/Long-tailed_Duck/,White-faced Ibis
224,https://www.allaboutbirds.org/guide/Rough-legged_Hawk/,Rough-legged Hawk
225,https://www.allaboutbirds.org/guide/Hooded_Warbler/,Hooded Merganser
226,https://www.allaboutbirds.org/guide/Northern_Saw-whet_Owl/,Northern Saw-whet Owl
227,https://www.allaboutbirds.org/guide/Rusty_Blackbird/,Blackbirds and Allies
228,https://www.allaboutbirds.org/guide/Allens_Hummingbird/,Allen's Hummingbird
229,https://www.allaboutbirds.org/guide/Common_Merganser/,Common Merganser
230,https://www.allaboutbirds.org/guide/Pileated_Woodpecker/,Pileated Woodpecker
231,https://www.allaboutbirds.org/guide/Black_Rosy-Finch/,Finches and Allies
232,https://www.allaboutbirds.org/guide/Lesser_Black-backed_Gull/,Heermann's Gull
233,https://www.allaboutbirds.org/guide/Roseate_Spoonbill/,Roseate Spoonbill
234,https://www.allaboutbirds.org/guide/Golden_Eagle/,Golden Eagle
235,https://www.allaboutbirds.org/guide/Red-breasted_Merganser/,Red-breasted Merganser
236,https://www.allaboutbirds.org/guide/Song_Sparrow/,Old World Sparrows
237,https://www.allaboutbirds.org/guide/Lesser_Black-backed_Gull/,Mew Gull
238,https://www.allaboutbirds.org/guide/Ruddy_Duck/,Ruddy Duck
239,https://www.allaboutbirds.org/guide/Lesser_Black-backed_Gull/,Western Gull
240,https://www.allaboutbirds.org/guide/Lesser_Black-backed_Gull/,Ring-billed Gull
241,https://www.allaboutbirds.org/guide/Lesser_Black-backed_Gull/,California Gull
242,https://www.allaboutbirds.org/guide/Herring_Gull/,Herring Gull
243,https://www.allaboutbirds.org/guide/Lesser_Black-backed_Gull/,Glaucous-winged Gull
244,https://www.allaboutbirds.org/guide/Lesser_Black-backed_Gull/,Great Black-backed Gull
245,https://www.allaboutbirds.org/guide/Caspian_Tern/,Caspian Tern
246,https://www.allaboutbirds.org/guide/Black_Tern/,Black Tern
247,https://www.allaboutbirds.org/guide/Common_Tern/,Common Tern
248,https://www.allaboutbirds.org/guide/Forsters_Tern/,Forster's Tern
249,https://www.allaboutbirds.org/guide/Royal_Tern/,Royal Tern
250,https://www.allaboutbirds.org/guide/Lesser_Black-backed_Gull/,Black Skimmer
251,https://www.allaboutbirds.org/guide/Ovenbird/,Ovenbird
252,https://www.allaboutbirds.org/guide/Red-tailed_Hawk/,Green-tailed Towhee
253,https://www.allaboutbirds.org/guide/Louisiana_Waterthrush/,Louisiana Waterthrush
254,https://www.allaboutbirds.org/guide/Bobolink/,Bobolink
255,https://www.allaboutbirds.org/guide/Gray-crowned_Rosy-Finch/,Gray-crowned Rosy-Finch
256,https://www.allaboutbirds.org/guide/Western_Wood-Pewee/,Western Wood-Pewee
257,https://www.allaboutbirds.org/guide/Canada_Jay/,Gray Jay
258,https://www.allaboutbirds.org/guide/Spotted_Towhee/,Spotted Towhee
259,https://www.allaboutbirds.org/guide/Summer_Tanager/,Summer Tanager
260,https://www.allaboutbirds.org/guide/Northern_Waterthrush/,Northern Waterthrush
261,https://www.allaboutbirds.org/guide/Carolina_Chickadee/,Carolina Chickadee
262,https://www.allaboutbirds.org/guide/Eastern_Bluebird/,Eastern Bluebird
263,https://www.allaboutbirds.org/guide/White-eyed_Vireo/,White-eyed Vireo
264,https://www.allaboutbirds.org/guide/Purple_Martin/,Purple Martin
265,https://www.allaboutbirds.org/guide/Cactus_Wren/,Cactus Wren
266,https://www.allaboutbirds.org/guide/Black-throated_Blue_Warbler/,Blue-winged Warbler
267,https://www.allaboutbirds.org/guide/Eastern_Towhee/,Eastern Towhee
268,https://www.allaboutbirds.org/guide/Red-tailed_Hawk/,Red-winged Blackbird
269,https://www.allaboutbirds.org/guide/Black_Rosy-Finch/,Black Rosy-Finch
270,https://www.allaboutbirds.org/guide/Eastern_Wood-Pewee/,Eastern Wood-Pewee
271,https://www.allaboutbirds.org/guide/Stellers_Jay/,Steller's Jay
272,https://www.allaboutbirds.org/guide/Black-throated_Gray_Warbler/,Black-and-white Warbler
273,https://www.allaboutbirds.org/guide/Rufous-crowned_Sparrow/,Rufous-crowned Sparrow
274,https://www.allaboutbirds.org/guide/Scarlet_Tanager/,Scarlet Tanager
275,https://www.allaboutbirds.org/guide/Gray_Catbird/,Gray Catbird
276,https://www.allaboutbirds.org/guide/Prothonotary_Warbler/,Prothonotary Warbler
277,https://www.allaboutbirds.org/guide/Eastern_Meadowlark/,Eastern Meadowlark
278,https://www.allaboutbirds.org/guide/Lesser_Black-backed_Gull/,Black-capped Chickadee
279,https://www.allaboutbirds.org/guide/Western_Bluebird/,Western Bluebird
280,https://www.allaboutbirds.org/guide/Brown-capped_Rosy-Finch/,Brown-capped Rosy-Finch
281,https://www.allaboutbirds.org/guide/Least_Flycatcher/,Least Flycatcher
282,https://www.allaboutbirds.org/guide/Canyon_Towhee/,Canyon Towhee
283,https://www.allaboutbirds.org/guide/Tennessee_Warbler/,Tennessee Warbler
284,https://www.allaboutbirds.org/guide/Red-breasted_Nuthatch/,Red-breasted Nuthatch
285,https://www.allaboutbirds.org/guide/Bells_Vireo/,Bell's Vireo
286,https://www.allaboutbirds.org/guide/Woodhouses_Scrub-Jay/,Blue Jay
287,https://www.allaboutbirds.org/guide/Tree_Swallow/,Tree Swallow
288,https://www.allaboutbirds.org/guide/Canyon_Wren/,Canyon Wren
289,https://www.allaboutbirds.org/guide/Orange-crowned_Warbler/,Orange-crowned Warbler
290,https://www.allaboutbirds.org/guide/California_Towhee/,California Towhee
291,https://www.allaboutbirds.org/guide/Western_Tanager/,Western Tanager
292,https://www.allaboutbirds.org/guide/Western_Meadowlark/,Western Meadowlark
293,https://www.allaboutbirds.org/guide/Nashville_Warbler/,Nashville Warbler
294,https://www.allaboutbirds.org/guide/Pine_Grosbeak/,Pine Grosbeak
295,https://www.allaboutbirds.org/guide/Common_Eider/,Common Eider (Adult male)
296,https://www.allaboutbirds.org/guide/Long-tailed_Duck/,Long-tailed Duck (Winter male)
297,https://www.allaboutbirds.org/guide/Ruddy_Duck/,Ruddy Duck (Breeding male)
298,https://www.allaboutbirds.org/guide/Swainsons_Hawk/,Swainson's Hawk (Dark morph )
299,https://www.allaboutbirds.org/guide/Red-tailed_Hawk/,Red-tailed Hawk (Light morph adult)
300,https://www.allaboutbirds.org/guide/Pacific-slope_Flycatcher/,Pacific-slope Flycatcher
301,https://www.allaboutbirds.org/guide/Florida_Scrub-Jay/,Florida Scrub-Jay
302,https://www.allaboutbirds.org/guide/Aberts_Towhee/,Abert's Towhee
303,https://www.allaboutbirds.org/guide/Mountain_Chickadee/,Mountain Chickadee
304,https://www.allaboutbirds.org/guide/Mountain_Bluebird/,Mountain Bluebird
305,https://www.allaboutbirds.org/guide/MacGillivrays_Warbler/,MacGillivray's Warbler
306,https://www.allaboutbirds.org/guide/Yellow-headed_Blackbird/,Yellow-headed Blackbird
307,https://www.allaboutbirds.org/guide/Yellow-throated_Vireo/,Yellow-throated Vireo
308,https://www.allaboutbirds.org/guide/Pine_Warbler/,Mourning Warbler
309,https://www.allaboutbirds.org/guide/American_Tree_Sparrow/,American Tree Sparrow
310,https://www.allaboutbirds.org/guide/Northern_Cardinal/,Northern Cardinal
311,https://www.allaboutbirds.org/guide/Purple_Finch/,Purple Finch
312,https://www.allaboutbirds.org/guide/Cordilleran_Flycatcher/,Cordilleran Flycatcher
313,https://www.allaboutbirds.org/guide/Snow_Goose/,Snow Goose (White morph)
314,https://www.allaboutbirds.org/guide/Ruddy_Duck/,Wood Duck (Breeding male)
315,https://www.allaboutbirds.org/guide/Blackpoll_Warbler/,Gadwall (Breeding male)
316,https://www.allaboutbirds.org/guide/American_Wigeon/,American Wigeon (Breeding male)
317,https://www.allaboutbirds.org/guide/Blackpoll_Warbler/,Mallard (Breeding male)
318,https://www.allaboutbirds.org/guide/Black-throated_Blue_Warbler/,Blue-winged Teal  (Male)
319,https://www.allaboutbirds.org/guide/Cinnamon_Teal/,Cinnamon Teal (Male)
320,https://www.allaboutbirds.org/guide/Northern_Shoveler/,Northern Shoveler (Breeding male)
321,https://www.allaboutbirds.org/guide/Northern_Pintail/,Northern Pintail (Breeding male)
322,https://www.allaboutbirds.org/guide/Green-winged_Teal/,Green-winged Teal (Male)
323,https://www.allaboutbirds.org/guide/Canvasback/,Canvasback (Breeding male)
324,https://www.allaboutbirds.org/guide/Blackpoll_Warbler/,Redhead (Breeding male)
325,https://www.allaboutbirds.org/guide/Northern_Pintail/,Ring-necked Duck (Breeding male)
326,https://www.allaboutbirds.org/guide/Greater_Scaup/,Greater Scaup (Breeding male)
327,https://www.allaboutbirds.org/guide/Lesser_Scaup/,Lesser Scaup (Breeding male)
328,https://www.allaboutbirds.org/guide/Harlequin_Duck/,Harlequin Duck (Male)
329,https://www.allaboutbirds.org/guide/Black_Scoter/,Surf Scoter (Male)
330,https://www.allaboutbirds.org/guide/White-winged_Scoter/,White-winged Scoter (Male)
331,https://www.allaboutbirds.org/guide/Lesser_Black-backed_Gull/,Black Scoter (Male)
332,https://www.allaboutbirds.org/guide/Blackpoll_Warbler/,Bufflehead (Breeding male)
333,https://www.allaboutbirds.org/guide/Common_Goldeneye/,Common Goldeneye (Breeding male)
334,https://www.allaboutbirds.org/guide/Blackpoll_Warbler/,Barrow's Goldeneye (Breeding male)
335,https://www.allaboutbirds.org/guide/Hooded_Warbler/,Hooded Merganser (Breeding male)
336,https://www.allaboutbirds.org/guide/Common_Merganser/,Common Merganser (Breeding male)
337,https://www.allaboutbirds.org/guide/Red-breasted_Merganser/,Red-breasted Merganser (Breeding male)
338,https://www.allaboutbirds.org/guide/Montezuma_Quail/,California Quail (Male)
339,https://www.allaboutbirds.org/guide/Montezuma_Quail/,Gambel's Quail (Male)
340,https://www.allaboutbirds.org/guide/Ring-necked_Pheasant/,Ring-necked Pheasant (Male)
341,https://www.allaboutbirds.org/guide/Red-throated_Loon/,Red-throated Loon (Breeding)
342,https://www.allaboutbirds.org/guide/Pacific_Loon/,Pacific Loon (Breeding)
343,https://www.allaboutbirds.org/guide/Common_Loon/,Common Loon (Breeding)
344,https://www.allaboutbirds.org/guide/Horned_Grebe/,Horned Grebe (Breeding)
345,https://www.allaboutbirds.org/guide/Red-necked_Grebe/,Red-necked Grebe (Breeding)
346,https://www.allaboutbirds.org/guide/Eared_Grebe/,Eared Grebe (Breeding)
347,https://www.allaboutbirds.org/guide/Northern_Gannet/,"Northern Gannet (Adult, Subadult)"
348,https://www.allaboutbirds.org/guide/Red-faced_Cormorant/,Double-crested Cormorant (Immature)
349,https://www.allaboutbirds.org/guide/Red-faced_Cormorant/,Great Cormorant (Adult)
350,https://www.allaboutbirds.org/guide/Little_Blue_Heron/,Little Blue Heron (Adult)
351,https://www.allaboutbirds.org/guide/Swainsons_Hawk/,Reddish Egret (Dark morph)
352,https://www.allaboutbirds.org/guide/Lesser_Black-backed_Gull/,Black-crowned Night-Heron (Adult)
353,https://www.allaboutbirds.org/guide/Yellow-crowned_Night-Heron/,Yellow-crowned Night-Heron (Adult)
354,https://www.allaboutbirds.org/guide/White_Ibis/,White Ibis (Adult)
355,https://www.allaboutbirds.org/guide/Bald_Eagle/,"Bald Eagle (Adult, subadult)"
356,https://www.allaboutbirds.org/guide/Northern_Harrier/,Northern Harrier (Adult male)
357,https://www.allaboutbirds.org/guide/Sharp-shinned_Hawk/,Sharp-shinned Hawk (Adult )
358,https://www.allaboutbirds.org/guide/Red-shouldered_Hawk/,Cooper's Hawk (Adult)
359,https://www.allaboutbirds.org/guide/Red-shouldered_Hawk/,Red-shouldered Hawk (Adult )
360,https://www.allaboutbirds.org/guide/Broad-winged_Hawk/,Broad-winged Hawk (Adult)
361,https://www.allaboutbirds.org/guide/Rough-legged_Hawk/,Rough-legged Hawk (Dark morph)
362,https://www.allaboutbirds.org/guide/Golden_Eagle/,Golden Eagle (Adult)
363,https://www.allaboutbirds.org/guide/American_Kestrel/,American Kestrel (Adult male)
364,https://www.allaboutbirds.org/guide/Prairie_Falcon/,Peregrine Falcon (Adult)
365,https://www.allaboutbirds.org/guide/Purple_Gallinule/,Purple Gallinule (Adult)
366,https://www.allaboutbirds.org/guide/Common_Gallinule/,Common Gallinule (Adult)
367,https://www.allaboutbirds.org/guide/American_Golden-Plover/,Black-bellied Plover (Breeding)
368,https://www.allaboutbirds.org/guide/Spotted_Sandpiper/,Spotted Sandpiper (Breeding)
369,https://www.allaboutbirds.org/guide/Sanderling/,Sanderling (Breeding)
370,https://www.allaboutbirds.org/guide/Dunlin/,Dunlin (Breeding)
371,https://www.allaboutbirds.org/guide/Red_Phalarope/,Wilson's Phalarope (Breeding)
372,https://www.allaboutbirds.org/guide/Hook-billed_Kite/,Broad-billed Hummingbird (Adult Male)
373,https://www.allaboutbirds.org/guide/Rufous_Hummingbird/,Ruby-throated Hummingbird (Adult Male)
374,https://www.allaboutbirds.org/guide/Lesser_Black-backed_Gull/,Black-chinned Hummingbird (Adult Male)
375,https://www.allaboutbirds.org/guide/Annas_Hummingbird/,Anna's Hummingbird (Adult Male)
376,https://www.allaboutbirds.org/guide/Costas_Hummingbird/,Costa's Hummingbird (Adult Male)
377,https://www.allaboutbirds.org/guide/Calliope_Hummingbird/,Calliope Hummingbird (Adult Male)
378,https://www.allaboutbirds.org/guide/Broad-tailed_Hummingbird/,Broad-tailed Hummingbird (Adult Male)
379,https://www.allaboutbirds.org/guide/Rufous_Hummingbird/,Rufous Hummingbird (Adult Male)
380,https://www.allaboutbirds.org/guide/Rufous_Hummingbird/,Allen's Hummingbird (Adult Male)
381,https://www.allaboutbirds.org/guide/Red-headed_Woodpecker/,Red-headed Woodpecker (Adult)
382,https://www.allaboutbirds.org/guide/Yellow-rumped_Warbler/,Northern Flicker (Yellow-shafted)
383,https://www.allaboutbirds.org/guide/Loggerhead_Shrike/,Loggerhead Shrike
384,https://www.allaboutbirds.org/guide/Florida_Scrub-Jay/,Western Scrub-Jay
385,https://www.allaboutbirds.org/guide/Violet-green_Swallow/,Violet-green Swallow
386,https://www.allaboutbirds.org/guide/Sedge_Wren/,Carolina Wren
387,https://www.allaboutbirds.org/guide/Blue-gray_Gnatcatcher/,Blue-gray Gnatcatcher
388,https://www.allaboutbirds.org/guide/Golden-crowned_Kinglet/,Golden-crowned Kinglet
389,https://www.allaboutbirds.org/guide/Northern_Mockingbird/,Northern Mockingbird
390,https://www.allaboutbirds.org/guide/Bohemian_Waxwing/,Bohemian Waxwing
391,https://www.allaboutbirds.org/guide/Common_Yellowthroat/,Common Yellowthroat
392,https://www.allaboutbirds.org/guide/Lesser_Black-backed_Gull/,Black Guillemot (Breeding)
393,https://www.allaboutbirds.org/guide/Pigeon_Guillemot/,Pigeon Guillemot (Breeding)
394,https://www.allaboutbirds.org/guide/Lesser_Black-backed_Gull/,Black-legged Kittiwake (Adult)
395,https://www.allaboutbirds.org/guide/Lesser_Black-backed_Gull/,Laughing Gull (Breeding)
396,https://www.allaboutbirds.org/guide/Lesser_Black-backed_Gull/,Heermann's Gull (Adult)
397,https://www.allaboutbirds.org/guide/Lesser_Black-backed_Gull/,Ring-billed Gull (Adult)
398,https://www.allaboutbirds.org/guide/Lesser_Black-backed_Gull/,Western Gull (Adult)
399,https://www.allaboutbirds.org/guide/Lesser_Black-backed_Gull/,California Gull (Adult)
400,https://www.allaboutbirds.org/guide/Lesser_Black-backed_Gull/,Herring Gull (Adult)
401,https://www.allaboutbirds.org/guide/Lesser_Black-backed_Gull/,Glaucous-winged Gull (Adult)
402,https://www.allaboutbirds.org/guide/Lesser_Black-backed_Gull/,Great Black-backed Gull (Adult)
403,https://www.allaboutbirds.org/guide/Song_Sparrow/,Chipping Sparrow
404,https://www.allaboutbirds.org/guide/Rusty_Blackbird/,Rusty Blackbird
405,https://www.allaboutbirds.org/guide/Hooded_Warbler/,Hooded Warbler
406,https://www.allaboutbirds.org/guide/Chestnut-backed_Chickadee/,Chestnut-backed Chickadee
407,https://www.allaboutbirds.org/guide/Townsends_Solitaire/,Townsend's Solitaire
408,https://www.allaboutbirds.org/guide/Cassins_Finch/,Cassin's Finch
409,https://www.allaboutbirds.org/guide/Lesser_Black-backed_Gull/,Black Phoebe
410,https://www.allaboutbirds.org/guide/Clay-colored_Sparrow/,Clay-colored Sparrow
411,https://www.allaboutbirds.org/guide/Pyrrhuloxia/,Pyrrhuloxia
412,https://www.allaboutbirds.org/guide/American_Redstart/,American Redstart
413,https://www.allaboutbirds.org/guide/Rose-breasted_Grosbeak/,White-breasted Nuthatch
414,https://www.allaboutbirds.org/guide/Plumbeous_Vireo/,Plumbeous Vireo
415,https://www.allaboutbirds.org/guide/Mexican_Jay/,Mexican Jay
416,https://www.allaboutbirds.org/guide/Brewers_Blackbird/,Brewer's Blackbird
417,https://www.allaboutbirds.org/guide/Cape_May_Warbler/,Cape May Warbler
418,https://www.allaboutbirds.org/guide/Song_Sparrow/,Brewer's Sparrow
419,https://www.allaboutbirds.org/guide/House_Finch/,House Finch
420,https://www.allaboutbirds.org/guide/Eastern_Phoebe/,Eastern Phoebe
421,https://www.allaboutbirds.org/guide/Northern_Rough-winged_Swallow/,Northern Rough-winged Swallow
422,https://www.allaboutbirds.org/guide/Bewicks_Wren/,Bewick's Wren
423,https://www.allaboutbirds.org/guide/Northern_Parula/,Northern Parula
424,https://www.allaboutbirds.org/guide/Boreal_Chickadee/,Boreal Chickadee
425,https://www.allaboutbirds.org/guide/Veery/,Veery
426,https://www.allaboutbirds.org/guide/Vesper_Sparrow/,Field Sparrow
427,https://www.allaboutbirds.org/guide/Rose-breasted_Grosbeak/,Rose-breasted Grosbeak
428,https://www.allaboutbirds.org/guide/Clarks_Nutcracker/,Clark's Nutcracker
429,https://www.allaboutbirds.org/guide/Common_Grackle/,Common Grackle
430,https://www.allaboutbirds.org/guide/Magnolia_Warbler/,Magnolia Warbler
431,https://www.allaboutbirds.org/guide/Vesper_Sparrow/,Vesper Sparrow
432,https://www.allaboutbirds.org/guide/Horned_Lark/,Horned Lark
434,https://www.allaboutbirds.org/guide/Bushtit/,Bushtit
435,https://www.allaboutbirds.org/guide/Red-tailed_Hawk/,Brown Creeper
436,https://www.allaboutbirds.org/guide/American_Dipper/,American Dipper
437,https://www.allaboutbirds.org/guide/Wrentit/,Wrentit
438,https://www.allaboutbirds.org/guide/Red-tailed_Hawk/,Brown Thrasher
439,https://www.allaboutbirds.org/guide/European_Starling/,European Starling
440,https://www.allaboutbirds.org/guide/American_Pipit/,American Pipit
441,https://www.allaboutbirds.org/guide/Phainopepla/,Phainopepla
442,https://www.allaboutbirds.org/guide/Snow_Bunting/,Snow Bunting
443,https://www.allaboutbirds.org/guide/Bay-breasted_Warbler/,Bay-breasted Warbler
444,https://www.allaboutbirds.org/guide/Red_Crossbill/,Red Crossbill
445,https://www.allaboutbirds.org/guide/Song_Sparrow/,House Sparrow
464,https://www.allaboutbirds.org/guide/Long-tailed_Duck/,Long-tailed Duck (Summer male)
465,https://www.allaboutbirds.org/guide/Ruddy_Duck/,Ruddy Duck (Winter male)
496,https://www.allaboutbirds.org/guide/Swainsons_Hawk/,Swainson's Hawk (Light morph )
497,https://www.allaboutbirds.org/guide/Red-tailed_Hawk/,Red-tailed Hawk (Dark morph)
562,https://www.allaboutbirds.org/guide/Says_Phoebe/,Say's Phoebe
563,https://www.allaboutbirds.org/guide/Cassins_Vireo/,Cassin's Vireo
564,https://www.allaboutbirds.org/guide/Pine_Warbler/,Blackburnian Warbler
565,https://www.allaboutbirds.org/guide/Red-tailed_Hawk/,Boat-tailed Grackle
566,https://www.allaboutbirds.org/guide/Lesser_Black-backed_Gull/,Black-billed Magpie
567,https://www.allaboutbirds.org/guide/Song_Sparrow/,Lark Sparrow
568,https://www.allaboutbirds.org/guide/Lesser_Black-backed_Gull/,Black-headed Grosbeak
569,https://www.allaboutbirds.org/guide/Bridled_Titmouse/,Bridled Titmouse
570,https://www.allaboutbirds.org/guide/Swainsons_Thrush/,Swainson's Thrush
571,https://www.allaboutbirds.org/guide/Bank_Swallow/,Bank Swallow
572,https://www.allaboutbirds.org/guide/Sedge_Wren/,House Wren
573,https://www.allaboutbirds.org/guide/Yellow-rumped_Warbler/,Yellow Warbler
574,https://www.allaboutbirds.org/guide/Red-tailed_Hawk/,White-winged Crossbill
575,https://www.allaboutbirds.org/guide/Vermilion_Flycatcher/,Vermilion Flycatcher
576,https://www.allaboutbirds.org/guide/Lark_Bunting/,Lark Bunting
577,https://www.allaboutbirds.org/guide/Chestnut-sided_Warbler/,Chestnut-sided Warbler
578,https://www.allaboutbirds.org/guide/Red-tailed_Hawk/,Great-tailed Grackle
579,https://www.allaboutbirds.org/guide/Pygmy_Nuthatch/,Pygmy Nuthatch
580,https://www.allaboutbirds.org/guide/Blue-headed_Vireo/,Blue-headed Vireo
581,https://www.allaboutbirds.org/guide/Yellow-rumped_Warbler/,Yellow-billed Magpie
582,https://www.allaboutbirds.org/guide/Pine_Warbler/,Blackpoll Warbler
583,https://www.allaboutbirds.org/guide/Savannah_Sparrow/,Savannah Sparrow
584,https://www.allaboutbirds.org/guide/Blue_Grosbeak/,Blue Grosbeak
585,https://www.allaboutbirds.org/guide/Common_Redpoll/,Common Redpoll
586,https://www.allaboutbirds.org/guide/Ash-throated_Flycatcher/,Ash-throated Flycatcher
587,https://www.allaboutbirds.org/guide/Oak_Titmouse/,Oak Titmouse
588,https://www.allaboutbirds.org/guide/Hermit_Thrush/,Hermit Thrush
589,https://www.allaboutbirds.org/guide/Black-throated_Blue_Warbler/,Black-throated Blue Warbler
590,https://www.allaboutbirds.org/guide/Bronzed_Cowbird/,Bronzed Cowbird
591,https://www.allaboutbirds.org/guide/Fox_Sparrow/,Fox Sparrow
592,https://www.allaboutbirds.org/guide/Cliff_Swallow/,Cliff Swallow
593,https://www.allaboutbirds.org/guide/Pacific_Wren/,Pacific Wren
594,https://www.allaboutbirds.org/guide/Black-tailed_Gnatcatcher/,Black-tailed Gnatcatcher
595,https://www.allaboutbirds.org/guide/Ruby-crowned_Kinglet/,Ruby-crowned Kinglet
596,https://www.allaboutbirds.org/guide/Curve-billed_Thrasher/,Curve-billed Thrasher
597,https://www.allaboutbirds.org/guide/Cedar_Waxwing/,Cedar Waxwing
598,https://www.allaboutbirds.org/guide/Palm_Warbler/,Palm Warbler
599,https://www.allaboutbirds.org/guide/Lesser_Black-backed_Gull/,"Black Guillemot (Nonbreeding, juvenile)"
600,https://www.allaboutbirds.org/guide/Pigeon_Guillemot/,"Pigeon Guillemot (Nonbreeding, juvenile)"
601,https://www.allaboutbirds.org/guide/Lesser_Black-backed_Gull/,Black-legged Kittiwake (Immature)
603,https://www.allaboutbirds.org/guide/Lesser_Black-backed_Gull/,Heermann's Gull (Immature)
604,https://www.allaboutbirds.org/guide/Lesser_Black-backed_Gull/,Ring-billed Gull (Immature)
605,https://www.allaboutbirds.org/guide/Lesser_Black-backed_Gull/,Western Gull (Immature)
606,https://www.allaboutbirds.org/guide/Lesser_Black-backed_Gull/,California Gull (Immature)
607,https://www.allaboutbirds.org/guide/Lesser_Black-backed_Gull/,Herring Gull (Immature)
608,https://www.allaboutbirds.org/guide/Lesser_Black-backed_Gull/,Glaucous-winged Gull (Immature)
609,https://www.allaboutbirds.org/guide/Lesser_Black-backed_Gull/,Great Black-backed Gull (Immature)
611,https://www.allaboutbirds.org/guide/Snow_Goose/,Snow Goose (Blue morph)
647,https://www.allaboutbirds.org/guide/Red-faced_Cormorant/,Double-crested Cormorant (Adult)
648,https://www.allaboutbirds.org/guide/Red-faced_Cormorant/,Great Cormorant (Immature)
649,https://www.allaboutbirds.org/guide/Little_Blue_Heron/,Little Blue Heron (Immature)
650,https://www.allaboutbirds.org/guide/Snow_Goose/,Reddish Egret (White morph)
651,https://www.allaboutbirds.org/guide/Lesser_Black-backed_Gull/,Black-crowned Night-Heron (Immature)
652,https://www.allaboutbirds.org/guide/Yellow-crowned_Night-Heron/,Yellow-crowned Night-Heron (Immature)
653,https://www.allaboutbirds.org/guide/White_Ibis/,White Ibis (Immature)
654,https://www.allaboutbirds.org/guide/Bald_Eagle/,"Bald Eagle (Immature, juvenile)"
655,https://www.allaboutbirds.org/guide/Northern_Harrier/,"Northern Harrier (Female, immature)"
656,https://www.allaboutbirds.org/guide/Sharp-shinned_Hawk/,Sharp-shinned Hawk (Immature)
657,https://www.allaboutbirds.org/guide/Harriss_Hawk/,Cooper's Hawk (Immature)
658,https://www.allaboutbirds.org/guide/Red-shouldered_Hawk/,Red-shouldered Hawk (Immature)
659,https://www.allaboutbirds.org/guide/Broad-winged_Hawk/,Broad-winged Hawk (Immature)
660,https://www.allaboutbirds.org/guide/Rough-legged_Hawk/,Rough-legged Hawk (Light morph)
661,https://www.allaboutbirds.org/guide/Golden_Eagle/,Golden Eagle (Immature)
662,https://www.allaboutbirds.org/guide/American_Kestrel/,"American Kestrel (Female, immature)"
663,https://www.allaboutbirds.org/guide/Prairie_Falcon/,Peregrine Falcon (Immature)
664,https://www.allaboutbirds.org/guide/Purple_Gallinule/,Purple Gallinule (Immature)
665,https://www.allaboutbirds.org/guide/Common_Gallinule/,Common Gallinule (Immature)
670,https://www.allaboutbirds.org/guide/Wilsons_Phalarope/,"Wilson's Phalarope (Nonbreeding, juvenile)"
671,https://www.allaboutbirds.org/guide/Hook-billed_Kite/,"Broad-billed Hummingbird (Female, immature)"
672,https://www.allaboutbirds.org/guide/Allens_Hummingbird/,"Ruby-throated Hummingbird (Female, immature)"
673,https://www.allaboutbirds.org/guide/Lesser_Black-backed_Gull/,"Black-chinned Hummingbird (Female, immature)"
674,https://www.allaboutbirds.org/guide/Annas_Hummingbird/,"Anna's Hummingbird (Female, immature)"
675,https://www.allaboutbirds.org/guide/Costas_Hummingbird/,"Costa's Hummingbird (Female, immature)"
676,https://www.allaboutbirds.org/guide/Calliope_Hummingbird/,"Calliope Hummingbird (Female, immature)"
677,https://www.allaboutbirds.org/guide/Broad-tailed_Hummingbird/,"Broad-tailed Hummingbird (Female, immature)"
678,https://www.allaboutbirds.org/guide/Allens_Hummingbird/,"Rufous Hummingbird (Female, immature)"
679,https://www.allaboutbirds.org/guide/Allens_Hummingbird/,"Allen's Hummingbird (Female, immature)"
680,https://www.allaboutbirds.org/guide/Red-headed_Woodpecker/,Red-headed Woodpecker (Immature)
681,https://www.allaboutbirds.org/guide/Northern_Flicker/,Northern Flicker (Red-shafted)
682,https://www.allaboutbirds.org/guide/Northern_Shrike/,Northern Shrike
683,https://www.allaboutbirds.org/guide/American_Crow/,American Crow
684,https://www.allaboutbirds.org/guide/Brown-crested_Flycatcher/,Great Crested Flycatcher
685,https://www.allaboutbirds.org/guide/Hoary_Redpoll/,Hoary Redpoll
686,https://www.allaboutbirds.org/guide/Song_Sparrow/,Song Sparrow
687,https://www.allaboutbirds.org/guide/Lazuli_Bunting/,Lazuli Bunting
688,https://www.allaboutbirds.org/guide/Pine_Warbler/,Pine Warbler
689,https://www.allaboutbirds.org/guide/Huttons_Vireo/,Hutton's Vireo
690,https://www.allaboutbirds.org/guide/Brown-headed_Cowbird/,Brown-headed Cowbird
691,https://www.allaboutbirds.org/guide/Yellow-rumped_Warbler/,Yellow-rumped Warbler
692,https://www.allaboutbirds.org/guide/Juniper_Titmouse/,Juniper Titmouse
693,https://www.allaboutbirds.org/guide/Wood_Thrush/,Wood Thrush
694,https://www.allaboutbirds.org/guide/Song_Sparrow/,Lincoln's Sparrow
695,https://www.allaboutbirds.org/guide/Fish_Crow/,Northwestern Crow
699,https://www.allaboutbirds.org/guide/Swainsons_Hawk/,Swainson's Hawk (Immature)
